[{"model": "admin.logentry", "pk": 1, "fields": {"action_time": "2021-05-14T19:24:23.889Z", "user": 1, "content_type": 7, "object_id": "1", "object_repr": "Category object (1)", "action_flag": 1, "change_message": "[{\"added\": {}}]"}}, {"model": "admin.logentry", "pk": 2, "fields": {"action_time": "2021-05-14T19:24:37.770Z", "user": 1, "content_type": 7, "object_id": "2", "object_repr": "Category object (2)", "action_flag": 1, "change_message": "[{\"added\": {}}]"}}, {"model": "admin.logentry", "pk": 3, "fields": {"action_time": "2021-05-14T19:24:44.398Z", "user": 1, "content_type": 7, "object_id": "3", "object_repr": "Category object (3)", "action_flag": 1, "change_message": "[{\"added\": {}}]"}}, {"model": "admin.logentry", "pk": 4, "fields": {"action_time": "2021-05-14T19:24:50.909Z", "user": 1, "content_type": 7, "object_id": "4", "object_repr": "Category object (4)", "action_flag": 1, "change_message": "[{\"added\": {}}]"}}, {"model": "admin.logentry", "pk": 5, "fields": {"action_time": "2021-05-14T19:40:15.971Z", "user": 1, "content_type": 8, "object_id": "1", "object_repr": "Amilcar", "action_flag": 1, "change_message": "[{\"added\": {}}]"}}, {"model": "admin.logentry", "pk": 6, "fields": {"action_time": "2021-05-14T19:46:52.909Z", "user": 1, "content_type": 8, "object_id": "1", "object_repr": "Amilcar", "action_flag": 3, "change_message": ""}}, {"model": "admin.logentry", "pk": 7, "fields": {"action_time": "2021-05-14T19:47:33.295Z", "user": 1, "content_type": 8, "object_id": "2", "object_repr": "Amilcar", "action_flag": 1, "change_message": "[{\"added\": {}}]"}}, {"model": "admin.logentry", "pk": 8, "fields": {"action_time": "2021-05-14T20:11:58.525Z", "user": 1, "content_type": 8, "object_id": "3", "object_repr": "Santiago", "action_flag": 1, "change_message": "[{\"added\": {}}]"}}, {"model": "admin.logentry", "pk": 9, "fields": {"action_time": "2021-05-14T20:18:47.956Z", "user": 1, "content_type": 7, "object_id": "5", "object_repr": "Familha", "action_flag": 1, "change_message": "[{\"added\": {}}]"}}, {"model": "admin.logentry", "pk": 10, "fields": {"action_time": "2021-05-14T20:18:59.371Z", "user": 1, "content_type": 7, "object_id": "6", "object_repr": "Contato Profissional", "action_flag": 1, "change_message": "[{\"added\": {}}]"}}, {"model": "admin.logentry", "pk": 11, "fields": {"action_time": "2021-05-14T20:19:05.616Z", "user": 1, "content_type": 7, "object_id": "7", "object_repr": "Amigo", "action_flag": 1, "change_message": "[{\"added\": {}}]"}}, {"model": "admin.logentry", "pk": 12, "fields": {"action_time": "2021-05-14T20:19:12.907Z", "user": 1, "content_type": 7, "object_id": "8", "object_repr": "Conhecido", "action_flag": 1, "change_message": "[{\"added\": {}}]"}}, {"model": "admin.logentry", "pk": 13, "fields": {"action_time": "2021-05-14T20:19:25.793Z", "user": 1, "content_type": 7, "object_id": "9", "object_repr": "Prestador de Serviço", "action_flag": 1, "change_message": "[{\"added\": {}}]"}}, {"model": "admin.logentry", "pk": 14, "fields": {"action_time": "2021-05-14T20:19:51.197Z", "user": 1, "content_type": 8, "object_id": "3", "object_repr": "Santiago", "action_flag": 2, "change_message": "[{\"changed\": {\"fields\": [\"Category\"]}}]"}}, {"model": "admin.logentry", "pk": 15, "fields": {"action_time": "2021-05-14T20:20:05.441Z", "user": 1, "content_type": 7, "object_id": "5", "object_repr": "Família", "action_flag": 2, "change_message": "[{\"changed\": {\"fields\": [\"Name\"]}}]"}}, {"model": "admin.logentry", "pk": 16, "fields": {"action_time": "2021-05-14T20:20:20.419Z", "user": 1, "content_type": 8, "object_id": "2", "object_repr": "Amilcar", "action_flag": 2, "change_message": "[{\"changed\": {\"fields\": [\"Category\"]}}]"}}, {"model": "admin.logentry", "pk": 17, "fields": {"action_time": "2021-05-14T20:20:44.465Z", "user": 1, "content_type": 7, "object_id": "4", "object_repr": "Celular", "action_flag": 3, "change_message": ""}}, {"model": "admin.logentry", "pk": 18, "fields": {"action_time": "2021-05-14T20:20:44.693Z", "user": 1, "content_type": 7, "object_id": "3", "object_repr": "Casa", "action_flag": 3, "change_message": ""}}, {"model": "admin.logentry", "pk": 19, "fields": {"action_time": "2021-05-14T20:20:44.851Z", "user": 1, "content_type": 7, "object_id": "2", "object_repr": "Trabalho", "action_flag": 3, "change_message": ""}}, {"model": "admin.logentry", "pk": 20, "fields": {"action_time": "2021-05-14T20:20:44.976Z", "user": 1, "content_type": 7, "object_id": "1", "object_repr": "Casa", "action_flag": 3, "change_message": ""}}, {"model": "admin.logentry", "pk": 21, "fields": {"action_time": "2021-05-14T20:24:12.457Z", "user": 1, "content_type": 8, "object_id": "4", "object_repr": "Caetano", "action_flag": 1, "change_message": "[{\"added\": {}}]"}}, {"model": "admin.logentry", "pk": 22, "fields": {"action_time": "2021-05-14T20:24:28.855Z", "user": 1, "content_type": 8, "object_id": "3", "object_repr": "Santiago", "action_flag": 2, "change_message": "[{\"changed\": {\"fields\": [\"Telephone\"]}}]"}}, {"model": "admin.logentry", "pk": 23, "fields": {"action_time": "2021-05-14T21:01:11.031Z", "user": 1, "content_type": 7, "object_id": "7", "object_repr": "Amigos", "action_flag": 2, "change_message": "[{\"changed\": {\"fields\": [\"Name\"]}}]"}}, {"model": "admin.logentry", "pk": 24, "fields": {"action_time": "2021-05-14T21:01:26.361Z", "user": 1, "content_type": 8, "object_id": "5", "object_repr": "Simone", "action_flag": 1, "change_message": "[{\"added\": {}}]"}}, {"model": "admin.logentry", "pk": 25, "fields": {"action_time": "2021-05-14T21:24:36.925Z", "user": 1, "content_type": 8, "object_id": "6", "object_repr": "Ageo", "action_flag": 1, "change_message": "[{\"added\": {}}]"}}, {"model": "admin.logentry", "pk": 26, "fields": {"action_time": "2021-05-14T21:26:14.402Z", "user": 1, "content_type": 8, "object_id": "7", "object_repr": "Simone", "action_flag": 1, "change_message": "[{\"added\": {}}]"}}, {"model": "admin.logentry", "pk": 27, "fields": {"action_time": "2021-05-14T21:27:17.805Z", "user": 1, "content_type": 8, "object_id": "8", "object_repr": "Arthur", "action_flag": 1, "change_message": "[{\"added\": {}}]"}}, {"model": "admin.logentry", "pk": 28, "fields": {"action_time": "2021-05-14T21:28:40.070Z", "user": 1, "content_type": 8, "object_id": "9", "object_repr": "Fabiiana", "action_flag": 1, "change_message": "[{\"added\": {}}]"}}, {"model": "admin.logentry", "pk": 29, "fields": {"action_time": "2021-05-14T21:30:07.678Z", "user": 1, "content_type": 8, "object_id": "10", "object_repr": "Marco", "action_flag": 1, "change_message": "[{\"added\": {}}]"}}, {"model": "admin.logentry", "pk": 30, "fields": {"action_time": "2021-05-14T21:32:37.195Z", "user": 1, "content_type": 8, "object_id": "11", "object_repr": "São Marcos", "action_flag": 1, "change_message": "[{\"added\": {}}]"}}, {"model": "admin.logentry", "pk": 31, "fields": {"action_time": "2021-05-14T21:32:50.422Z", "user": 1, "content_type": 8, "object_id": "11", "object_repr": "São Marcos", "action_flag": 2, "change_message": "[{\"changed\": {\"fields\": [\"Description\"]}}]"}}, {"model": "admin.logentry", "pk": 32, "fields": {"action_time": "2021-05-14T21:34:38.054Z", "user": 1, "content_type": 8, "object_id": "12", "object_repr": "Cristina", "action_flag": 1, "change_message": "[{\"added\": {}}]"}}, {"model": "admin.logentry", "pk": 33, "fields": {"action_time": "2021-05-14T21:35:50.518Z", "user": 1, "content_type": 8, "object_id": "13", "object_repr": "Isabel Cristina", "action_flag": 1, "change_message": "[{\"added\": {}}]"}}, {"model": "admin.logentry", "pk": 34, "fields": {"action_time": "2021-05-14T21:37:08.185Z", "user": 1, "content_type": 8, "object_id": "14", "object_repr": "Domingos", "action_flag": 1, "change_message": "[{\"added\": {}}]"}}, {"model": "admin.logentry", "pk": 35, "fields": {"action_time": "2021-05-14T22:29:14.176Z", "user": 1, "content_type": 8, "object_id": "15", "object_repr": "Adriana", "action_flag": 1, "change_message": "[{\"added\": {}}]"}}, {"model": "admin.logentry", "pk": 36, "fields": {"action_time": "2021-05-14T22:29:59.751Z", "user": 1, "content_type": 8, "object_id": "16", "object_repr": "Adriana", "action_flag": 1, "change_message": "[{\"added\": {}}]"}}, {"model": "admin.logentry", "pk": 37, "fields": {"action_time": "2021-05-14T22:30:51.338Z", "user": 1, "content_type": 8, "object_id": "17", "object_repr": "Adriana", "action_flag": 1, "change_message": "[{\"added\": {}}]"}}, {"model": "admin.logentry", "pk": 38, "fields": {"action_time": "2021-05-14T22:31:59.139Z", "user": 1, "content_type": 7, "object_id": "10", "object_repr": "Fornecedor", "action_flag": 1, "change_message": "[{\"added\": {}}]"}}, {"model": "admin.logentry", "pk": 39, "fields": {"action_time": "2021-05-14T22:32:01.234Z", "user": 1, "content_type": 8, "object_id": "18", "object_repr": "Agua Gerais", "action_flag": 1, "change_message": "[{\"added\": {}}]"}}, {"model": "admin.logentry", "pk": 40, "fields": {"action_time": "2021-05-14T22:32:42.938Z", "user": 1, "content_type": 8, "object_id": "19", "object_repr": "Alan", "action_flag": 1, "change_message": "[{\"added\": {}}]"}}, {"model": "admin.logentry", "pk": 41, "fields": {"action_time": "2021-05-14T22:33:43.700Z", "user": 1, "content_type": 8, "object_id": "20", "object_repr": "Alessandro", "action_flag": 1, "change_message": "[{\"added\": {}}]"}}, {"model": "admin.logentry", "pk": 42, "fields": {"action_time": "2021-05-14T22:34:27.535Z", "user": 1, "content_type": 8, "object_id": "21", "object_repr": "Angela", "action_flag": 1, "change_message": "[{\"added\": {}}]"}}, {"model": "admin.logentry", "pk": 43, "fields": {"action_time": "2021-05-14T22:35:43.626Z", "user": 1, "content_type": 8, "object_id": "22", "object_repr": "Beatriz", "action_flag": 1, "change_message": "[{\"added\": {}}]"}}, {"model": "admin.logentry", "pk": 44, "fields": {"action_time": "2021-05-14T22:36:30.898Z", "user": 1, "content_type": 8, "object_id": "23", "object_repr": "Camila", "action_flag": 1, "change_message": "[{\"added\": {}}]"}}, {"model": "admin.logentry", "pk": 45, "fields": {"action_time": "2021-05-14T22:36:41.928Z", "user": 1, "content_type": 8, "object_id": "21", "object_repr": "Angela", "action_flag": 2, "change_message": "[{\"changed\": {\"fields\": [\"Surname\"]}}]"}}, {"model": "admin.logentry", "pk": 46, "fields": {"action_time": "2021-05-14T23:55:39.174Z", "user": 1, "content_type": 8, "object_id": "9", "object_repr": "Fabiana", "action_flag": 2, "change_message": "[{\"changed\": {\"fields\": [\"Name\"]}}]"}}, {"model": "admin.logentry", "pk": 47, "fields": {"action_time": "2021-05-15T00:40:31.361Z", "user": 1, "content_type": 8, "object_id": "24", "object_repr": "Cassia", "action_flag": 1, "change_message": "[{\"added\": {}}]"}}, {"model": "admin.logentry", "pk": 48, "fields": {"action_time": "2021-05-15T00:41:45.377Z", "user": 1, "content_type": 8, "object_id": "25", "object_repr": "Charles", "action_flag": 1, "change_message": "[{\"added\": {}}]"}}, {"model": "admin.logentry", "pk": 49, "fields": {"action_time": "2021-05-15T00:42:21.146Z", "user": 1, "content_type": 8, "object_id": "26", "object_repr": "Chris", "action_flag": 1, "change_message": "[{\"added\": {}}]"}}, {"model": "admin.logentry", "pk": 50, "fields": {"action_time": "2021-05-15T00:43:11.526Z", "user": 1, "content_type": 8, "object_id": "27", "object_repr": "Cyntia", "action_flag": 1, "change_message": "[{\"added\": {}}]"}}, {"model": "admin.logentry", "pk": 51, "fields": {"action_time": "2021-05-15T00:44:13.672Z", "user": 1, "content_type": 8, "object_id": "28", "object_repr": "Danilo", "action_flag": 1, "change_message": "[{\"added\": {}}]"}}, {"model": "admin.logentry", "pk": 52, "fields": {"action_time": "2021-05-15T00:45:04.352Z", "user": 1, "content_type": 8, "object_id": "29", "object_repr": "Deco", "action_flag": 1, "change_message": "[{\"added\": {}}]"}}, {"model": "admin.logentry", "pk": 53, "fields": {"action_time": "2021-05-15T00:46:38.092Z", "user": 1, "content_type": 7, "object_id": "11", "object_repr": "Médico", "action_flag": 1, "change_message": "[{\"added\": {}}]"}}, {"model": "admin.logentry", "pk": 54, "fields": {"action_time": "2021-05-15T00:46:40.546Z", "user": 1, "content_type": 8, "object_id": "30", "object_repr": "Guilherme", "action_flag": 1, "change_message": "[{\"added\": {}}]"}}, {"model": "admin.logentry", "pk": 55, "fields": {"action_time": "2021-05-15T00:47:36.724Z", "user": 1, "content_type": 7, "object_id": "12", "object_repr": "Advogado", "action_flag": 1, "change_message": "[{\"added\": {}}]"}}, {"model": "admin.logentry", "pk": 56, "fields": {"action_time": "2021-05-15T00:47:40.234Z", "user": 1, "content_type": 8, "object_id": "31", "object_repr": "Nilson", "action_flag": 1, "change_message": "[{\"added\": {}}]"}}, {"model": "admin.logentry", "pk": 57, "fields": {"action_time": "2021-05-15T00:48:37.845Z", "user": 1, "content_type": 8, "object_id": "32", "object_repr": "Rodrigo", "action_flag": 1, "change_message": "[{\"added\": {}}]"}}, {"model": "admin.logentry", "pk": 58, "fields": {"action_time": "2021-05-15T00:53:51.222Z", "user": 1, "content_type": 8, "object_id": "33", "object_repr": "Adriana", "action_flag": 1, "change_message": "[{\"added\": {}}]"}}, {"model": "admin.logentry", "pk": 59, "fields": {"action_time": "2021-05-15T00:55:58.247Z", "user": 1, "content_type": 8, "object_id": "34", "object_repr": "Fábio", "action_flag": 1, "change_message": "[{\"added\": {}}]"}}, {"model": "admin.logentry", "pk": 60, "fields": {"action_time": "2021-05-15T00:56:49.749Z", "user": 1, "content_type": 8, "object_id": "35", "object_repr": "Fernando", "action_flag": 1, "change_message": "[{\"added\": {}}]"}}, {"model": "admin.logentry", "pk": 61, "fields": {"action_time": "2021-05-15T00:57:04.032Z", "user": 1, "content_type": 8, "object_id": "35", "object_repr": "Fernando", "action_flag": 2, "change_message": "[{\"changed\": {\"fields\": [\"Surname\"]}}]"}}, {"model": "admin.logentry", "pk": 62, "fields": {"action_time": "2021-05-15T00:57:53.163Z", "user": 1, "content_type": 8, "object_id": "36", "object_repr": "Fernando", "action_flag": 1, "change_message": "[{\"added\": {}}]"}}, {"model": "admin.logentry", "pk": 63, "fields": {"action_time": "2021-05-15T00:58:41.352Z", "user": 1, "content_type": 8, "object_id": "37", "object_repr": "Dermerval Fernando", "action_flag": 1, "change_message": "[{\"added\": {}}]"}}, {"model": "admin.logentry", "pk": 64, "fields": {"action_time": "2021-05-15T00:59:20.548Z", "user": 1, "content_type": 8, "object_id": "38", "object_repr": "Fernando", "action_flag": 1, "change_message": "[{\"added\": {}}]"}}, {"model": "admin.logentry", "pk": 65, "fields": {"action_time": "2021-05-15T01:00:19.721Z", "user": 1, "content_type": 8, "object_id": "39", "object_repr": "Flávia", "action_flag": 1, "change_message": "[{\"added\": {}}]"}}, {"model": "admin.logentry", "pk": 66, "fields": {"action_time": "2021-05-15T01:01:21.496Z", "user": 1, "content_type": 8, "object_id": "40", "object_repr": "Gustavo", "action_flag": 1, "change_message": "[{\"added\": {}}]"}}, {"model": "admin.logentry", "pk": 67, "fields": {"action_time": "2021-05-15T01:02:51.551Z", "user": 1, "content_type": 8, "object_id": "41", "object_repr": "Hugo", "action_flag": 1, "change_message": "[{\"added\": {}}]"}}, {"model": "admin.logentry", "pk": 68, "fields": {"action_time": "2021-05-15T01:04:28.520Z", "user": 1, "content_type": 7, "object_id": "13", "object_repr": "Orgão Publico", "action_flag": 1, "change_message": "[{\"added\": {}}]"}}, {"model": "admin.logentry", "pk": 69, "fields": {"action_time": "2021-05-15T01:04:30.885Z", "user": 1, "content_type": 8, "object_id": "42", "object_repr": "INSS", "action_flag": 1, "change_message": "[{\"added\": {}}]"}}, {"model": "admin.logentry", "pk": 70, "fields": {"action_time": "2021-05-15T01:05:22.965Z", "user": 1, "content_type": 8, "object_id": "43", "object_repr": "Irandir", "action_flag": 1, "change_message": "[{\"added\": {}}]"}}, {"model": "admin.logentry", "pk": 71, "fields": {"action_time": "2021-05-15T01:06:42.287Z", "user": 1, "content_type": 8, "object_id": "44", "object_repr": "João Carlos", "action_flag": 1, "change_message": "[{\"added\": {}}]"}}, {"model": "admin.logentry", "pk": 72, "fields": {"action_time": "2021-05-15T01:07:34.523Z", "user": 1, "content_type": 8, "object_id": "45", "object_repr": "Juliana", "action_flag": 1, "change_message": "[{\"added\": {}}]"}}, {"model": "admin.logentry", "pk": 73, "fields": {"action_time": "2021-05-15T01:08:18.492Z", "user": 1, "content_type": 8, "object_id": "46", "object_repr": "Juliana", "action_flag": 1, "change_message": "[{\"added\": {}}]"}}, {"model": "admin.logentry", "pk": 74, "fields": {"action_time": "2021-05-15T01:09:09.521Z", "user": 1, "content_type": 8, "object_id": "47", "object_repr": "Juliano", "action_flag": 1, "change_message": "[{\"added\": {}}]"}}, {"model": "admin.logentry", "pk": 75, "fields": {"action_time": "2021-05-15T01:09:58.922Z", "user": 1, "content_type": 8, "object_id": "48", "object_repr": "Lídia Helena", "action_flag": 1, "change_message": "[{\"added\": {}}]"}}, {"model": "admin.logentry", "pk": 76, "fields": {"action_time": "2021-05-15T01:10:48.043Z", "user": 1, "content_type": 8, "object_id": "49", "object_repr": "Marcelo", "action_flag": 1, "change_message": "[{\"added\": {}}]"}}, {"model": "admin.logentry", "pk": 77, "fields": {"action_time": "2021-05-15T01:11:35.447Z", "user": 1, "content_type": 8, "object_id": "50", "object_repr": "Naissa", "action_flag": 1, "change_message": "[{\"added\": {}}]"}}, {"model": "admin.logentry", "pk": 78, "fields": {"action_time": "2021-05-15T01:12:30.009Z", "user": 1, "content_type": 8, "object_id": "51", "object_repr": "Paulo Vitor", "action_flag": 1, "change_message": "[{\"added\": {}}]"}}, {"model": "admin.logentry", "pk": 79, "fields": {"action_time": "2021-05-15T02:17:58.495Z", "user": 1, "content_type": 8, "object_id": "2", "object_repr": "Amilcar", "action_flag": 2, "change_message": "[{\"changed\": {\"fields\": [\"Show\"]}}]"}}, {"model": "admin.logentry", "pk": 80, "fields": {"action_time": "2021-05-15T02:19:16.581Z", "user": 1, "content_type": 8, "object_id": "2", "object_repr": "Amilcar", "action_flag": 2, "change_message": "[{\"changed\": {\"fields\": [\"Show\"]}}]"}}, {"model": "admin.logentry", "pk": 81, "fields": {"action_time": "2021-05-15T12:56:35.462Z", "user": 1, "content_type": 8, "object_id": "2", "object_repr": "Amilcar", "action_flag": 2, "change_message": "[{\"changed\": {\"fields\": [\"Show\"]}}]"}}, {"model": "admin.logentry", "pk": 82, "fields": {"action_time": "2021-05-15T13:10:43.735Z", "user": 1, "content_type": 8, "object_id": "2", "object_repr": "Amilcar", "action_flag": 2, "change_message": "[{\"changed\": {\"fields\": [\"Show\"]}}]"}}, {"model": "admin.logentry", "pk": 83, "fields": {"action_time": "2021-05-15T13:35:09.230Z", "user": 1, "content_type": 8, "object_id": "33", "object_repr": "Adriana", "action_flag": 2, "change_message": "[{\"changed\": {\"fields\": [\"Show\"]}}]"}}, {"model": "admin.logentry", "pk": 84, "fields": {"action_time": "2021-05-15T13:35:25.540Z", "user": 1, "content_type": 8, "object_id": "33", "object_repr": "Adriana", "action_flag": 2, "change_message": "[{\"changed\": {\"fields\": [\"Show\"]}}]"}}, {"model": "admin.logentry", "pk": 85, "fields": {"action_time": "2021-05-15T18:40:38.541Z", "user": 1, "content_type": 8, "object_id": "2", "object_repr": "Amilcar", "action_flag": 2, "change_message": "[{\"changed\": {\"fields\": [\"Image\"]}}]"}}, {"model": "admin.logentry", "pk": 86, "fields": {"action_time": "2021-05-15T18:48:59.124Z", "user": 1, "content_type": 8, "object_id": "4", "object_repr": "Caetano", "action_flag": 2, "change_message": "[{\"changed\": {\"fields\": [\"Image\"]}}]"}}, {"model": "admin.logentry", "pk": 87, "fields": {"action_time": "2021-05-15T18:49:16.302Z", "user": 1, "content_type": 8, "object_id": "28", "object_repr": "Danilo", "action_flag": 2, "change_message": "[{\"changed\": {\"fields\": [\"Image\"]}}]"}}, {"model": "admin.logentry", "pk": 88, "fields": {"action_time": "2021-05-15T18:49:34.129Z", "user": 1, "content_type": 8, "object_id": "9", "object_repr": "Fabiana", "action_flag": 2, "change_message": "[{\"changed\": {\"fields\": [\"Image\"]}}]"}}, {"model": "admin.logentry", "pk": 89, "fields": {"action_time": "2021-05-15T18:49:52.195Z", "user": 1, "content_type": 8, "object_id": "8", "object_repr": "Arthur", "action_flag": 2, "change_message": "[{\"changed\": {\"fields\": [\"Image\"]}}]"}}, {"model": "admin.logentry", "pk": 90, "fields": {"action_time": "2021-05-15T18:50:10.235Z", "user": 1, "content_type": 8, "object_id": "3", "object_repr": "Santiago", "action_flag": 2, "change_message": "[{\"changed\": {\"fields\": [\"Image\"]}}]"}}, {"model": "admin.logentry", "pk": 91, "fields": {"action_time": "2021-05-15T18:50:23.029Z", "user": 1, "content_type": 8, "object_id": "40", "object_repr": "Gustavo", "action_flag": 2, "change_message": "[{\"changed\": {\"fields\": [\"Image\"]}}]"}}, {"model": "admin.logentry", "pk": 92, "fields": {"action_time": "2021-05-15T18:52:39.180Z", "user": 1, "content_type": 8, "object_id": "52", "object_repr": "Rebecca", "action_flag": 1, "change_message": "[{\"added\": {}}]"}}, {"model": "admin.logentry", "pk": 93, "fields": {"action_time": "2021-05-15T18:53:33.086Z", "user": 1, "content_type": 8, "object_id": "53", "object_repr": "Roberta", "action_flag": 1, "change_message": "[{\"added\": {}}]"}}, {"model": "admin.logentry", "pk": 94, "fields": {"action_time": "2021-05-15T18:55:51.598Z", "user": 1, "content_type": 8, "object_id": "12", "object_repr": "Cristina", "action_flag": 2, "change_message": "[{\"changed\": {\"fields\": [\"Image\"]}}]"}}, {"model": "admin.logentry", "pk": 95, "fields": {"action_time": "2021-05-15T20:54:44.660Z", "user": 1, "content_type": 8, "object_id": "2", "object_repr": "Amilcar", "action_flag": 2, "change_message": "[{\"changed\": {\"fields\": [\"Show\"]}}]"}}, {"model": "admin.logentry", "pk": 96, "fields": {"action_time": "2021-05-15T20:56:04.853Z", "user": 1, "content_type": 8, "object_id": "2", "object_repr": "Amilcar", "action_flag": 2, "change_message": "[{\"changed\": {\"fields\": [\"Show\"]}}]"}}, {"model": "admin.logentry", "pk": 97, "fields": {"action_time": "2021-05-16T01:45:16.062Z", "user": 1, "content_type": 4, "object_id": "1", "object_repr": "amilcar.tostes", "action_flag": 2, "change_message": "[{\"changed\": {\"fields\": [\"First name\", \"Last name\"]}}]"}}, {"model": "admin.logentry", "pk": 98, "fields": {"action_time": "2021-05-16T14:27:58.653Z", "user": 1, "content_type": 8, "object_id": "57", "object_repr": "Cora", "action_flag": 3, "change_message": ""}}, {"model": "admin.logentry", "pk": 99, "fields": {"action_time": "2021-05-16T14:27:58.817Z", "user": 1, "content_type": 8, "object_id": "56", "object_repr": "Cora", "action_flag": 3, "change_message": ""}}, {"model": "admin.logentry", "pk": 100, "fields": {"action_time": "2021-05-16T14:27:58.925Z", "user": 1, "content_type": 8, "object_id": "55", "object_repr": "Cora", "action_flag": 3, "change_message": ""}}, {"model": "auth.permission", "pk": 1, "fields": {"name": "Can add log entry", "content_type": 1, "codename": "add_logentry"}}, {"model": "auth.permission", "pk": 2, "fields": {"name": "Can change log entry", "content_type": 1, "codename": "change_logentry"}}, {"model": "auth.permission", "pk": 3, "fields": {"name": "Can delete log entry", "content_type": 1, "codename": "delete_logentry"}}, {"model": "auth.permission", "pk": 4, "fields": {"name": "Can view log entry", "content_type": 1, "codename": "view_logentry"}}, {"model": "auth.permission", "pk": 5, "fields": {"name": "Can add permission", "content_type": 2, "codename": "add_permission"}}, {"model": "auth.permission", "pk": 6, "fields": {"name": "Can change permission", "content_type": 2, "codename": "change_permission"}}, {"model": "auth.permission", "pk": 7, "fields": {"name": "Can delete permission", "content_type": 2, "codename": "delete_permission"}}, {"model": "auth.permission", "pk": 8, "fields": {"name": "Can view permission", "content_type": 2, "codename": "view_permission"}}, {"model": "auth.permission", "pk": 9, "fields": {"name": "Can add group", "content_type": 3, "codename": "add_group"}}, {"model": "auth.permission", "pk": 10, "fields": {"name": "Can change group", "content_type": 3, "codename": "change_group"}}, {"model": "auth.permission", "pk": 11, "fields": {"name": "Can delete group", "content_type": 3, "codename": "delete_group"}}, {"model": "auth.permission", "pk": 12, "fields": {"name": "Can view group", "content_type": 3, "codename": "view_group"}}, {"model": "auth.permission", "pk": 13, "fields": {"name": "Can add user", "content_type": 4, "codename": "add_user"}}, {"model": "auth.permission", "pk": 14, "fields": {"name": "Can change user", "content_type": 4, "codename": "change_user"}}, {"model": "auth.permission", "pk": 15, "fields": {"name": "Can delete user", "content_type": 4, "codename": "delete_user"}}, {"model": "auth.permission", "pk": 16, "fields": {"name": "Can view user", "content_type": 4, "codename": "view_user"}}, {"model": "auth.permission", "pk": 17, "fields": {"name": "Can add content type", "content_type": 5, "codename": "add_contenttype"}}, {"model": "auth.permission", "pk": 18, "fields": {"name": "Can change content type", "content_type": 5, "codename": "change_contenttype"}}, {"model": "auth.permission", "pk": 19, "fields": {"name": "Can delete content type", "content_type": 5, "codename": "delete_contenttype"}}, {"model": "auth.permission", "pk": 20, "fields": {"name": "Can view content type", "content_type": 5, "codename": "view_contenttype"}}, {"model": "auth.permission", "pk": 21, "fields": {"name": "Can add session", "content_type": 6, "codename": "add_session"}}, {"model": "auth.permission", "pk": 22, "fields": {"name": "Can change session", "content_type": 6, "codename": "change_session"}}, {"model": "auth.permission", "pk": 23, "fields": {"name": "Can delete session", "content_type": 6, "codename": "delete_session"}}, {"model": "auth.permission", "pk": 24, "fields": {"name": "Can view session", "content_type": 6, "codename": "view_session"}}, {"model": "auth.permission", "pk": 25, "fields": {"name": "Can add category", "content_type": 7, "codename": "add_category"}}, {"model": "auth.permission", "pk": 26, "fields": {"name": "Can change category", "content_type": 7, "codename": "change_category"}}, {"model": "auth.permission", "pk": 27, "fields": {"name": "Can delete category", "content_type": 7, "codename": "delete_category"}}, {"model": "auth.permission", "pk": 28, "fields": {"name": "Can view category", "content_type": 7, "codename": "view_category"}}, {"model": "auth.permission", "pk": 29, "fields": {"name": "Can add contact", "content_type": 8, "codename": "add_contact"}}, {"model": "auth.permission", "pk": 30, "fields": {"name": "Can change contact", "content_type": 8, "codename": "change_contact"}}, {"model": "auth.permission", "pk": 31, "fields": {"name": "Can delete contact", "content_type": 8, "codename": "delete_contact"}}, {"model": "auth.permission", "pk": 32, "fields": {"name": "Can view contact", "content_type": 8, "codename": "view_contact"}}, {"model": "auth.user", "pk": 1, "fields": {"password": "pbkdf2_sha256$260000$bLxRLFWJtfhnB0WkTIW6Dw$f2dz0vQthFWO17DuyB3u4sUxoL6dLbUTjYB7WM9XtDA=", "last_login": "2021-05-22T23:33:55.032Z", "is_superuser": true, "username": "amilcar.tostes", "first_name": "Amilcar", "last_name": "Tostes", "email": "amilcar@quatro.srv.br", "is_staff": true, "is_active": true, "date_joined": "2021-05-14T19:13:15Z", "groups": [], "user_permissions": []}}, {"model": "auth.user", "pk": 2, "fields": {"password": "pbkdf2_sha256$260000$EMUbGNdyArcsL1pq4slec5$inak2SyeoBlrestU80+69CGCU//GXxjX89LZfxffJKs=", "last_login": "2021-05-20T19:41:01.421Z", "is_superuser": false, "username": "santiago.vasconcelos", "first_name": "Santiago", "last_name": "Vasconcelos Tostes", "email": "santiagovasconcelos@hotmail.com", "is_staff": false, "is_active": true, "date_joined": "2021-05-16T01:41:41.779Z", "groups": [], "user_permissions": []}}, {"model": "auth.user", "pk": 3, "fields": {"password": "pbkdf2_sha256$260000$o9zNRjg4dYzXdiHom5pT0u$9EuqxsCpOPLsN+D4Dvfo9naMw2e0UCkJ1QB+p4Vb/38=", "last_login": "2021-05-20T19:59:19.446Z", "is_superuser": false, "username": "Arthur Tostes", "first_name": "ARTHUR", "last_name": "TOSTES", "email": "arthurgabel@hotmail.com", "is_staff": false, "is_active": true, "date_joined": "2021-05-20T19:59:11.260Z", "groups": [], "user_permissions": []}}, {"model": "auth.user", "pk": 4, "fields": {"password": "pbkdf2_sha256$260000$TgYtjsSpGFfr3ieyq5DQtS$JIHujD18xRVQRDosgB6TIssiKnHLbaMwxE+lJdyHlsA=", "last_login": "2021-05-21T14:13:48.471Z", "is_superuser": false, "username": "user.teste", "first_name": "Usario ", "last_name": "Teste", "email": "user.teste@lotuskombucha.com.br", "is_staff": false, "is_active": true, "date_joined": "2021-05-21T14:13:30.487Z", "groups": [], "user_permissions": []}}, {"model": "contenttypes.contenttype", "pk": 1, "fields": {"app_label": "admin", "model": "logentry"}}, {"model": "contenttypes.contenttype", "pk": 2, "fields": {"app_label": "auth", "model": "permission"}}, {"model": "contenttypes.contenttype", "pk": 3, "fields": {"app_label": "auth", "model": "group"}}, {"model": "contenttypes.contenttype", "pk": 4, "fields": {"app_label": "auth", "model": "user"}}, {"model": "contenttypes.contenttype", "pk": 5, "fields": {"app_label": "contenttypes", "model": "contenttype"}}, {"model": "contenttypes.contenttype", "pk": 6, "fields": {"app_label": "sessions", "model": "session"}}, {"model": "contenttypes.contenttype", "pk": 7, "fields": {"app_label": "contatos", "model": "category"}}, {"model": "contenttypes.contenttype", "pk": 8, "fields": {"app_label": "contatos", "model": "contact"}}, {"model": "sessions.session", "pk": "0nznrutqa5fjfhd9dpj9vrd4umocihy5", "fields": {"session_data": ".eJxVjDsOwjAQBe_iGllrJ_hDSZ8zWLvrDQ4gR4qTCnF3iJQC2jcz76USbmtJW5MlTVldlFGn342QH1J3kO9Yb7Pmua7LRHpX9EGbHuYsz-vh_h0UbOVbk2QbHJ2tDwGiQYZMJlqKI_SA4qSPnjNb5L7z1kFHowMkko4jg43q_QHocDgg:1ljozo:8m2FBHzeVRaua41rhP0K9zSgxpHlWeh9NGUW0e8sztE", "expire_date": "2021-06-03T20:10:16.333Z"}}, {"model": "sessions.session", "pk": "5u4m3zjr5vs777lt66zm06pkywo6x97w", "fields": {"session_data": ".eJxVjDsOwjAQBe_iGllrJ_hDSZ8zWLvrDQ4gR4qTCnF3iJQC2jcz76USbmtJW5MlTVldlFGn342QH1J3kO9Yb7Pmua7LRHpX9EGbHuYsz-vh_h0UbOVbk2QbHJ2tDwGiQYZMJlqKI_SA4qSPnjNb5L7z1kFHowMkko4jg43q_QHocDgg:1ljtUs:HSe9Htr8SLyqw_5AF3bAIo0PZgoPs06XOw4S8Lh8KsE", "expire_date": "2021-06-04T00:58:38.058Z"}}, {"model": "sessions.session", "pk": "ftaf67dpihgnxe14hxir8aawbyardxjb", "fields": {"session_data": ".eJxVjDsOwjAQBe_iGllrJ_hDSZ8zWLvrDQ4gR4qTCnF3iJQC2jcz76USbmtJW5MlTVldlFGn342QH1J3kO9Yb7Pmua7LRHpX9EGbHuYsz-vh_h0UbOVbk2QbHJ2tDwGiQYZMJlqKI_SA4qSPnjNb5L7z1kFHowMkko4jg43q_QHocDgg:1ljm5M:3WFEgagAIX7x9oGCCp-3BSQZzAvhiCwuEI1hVx2famM", "expire_date": "2021-06-03T17:03:48.246Z"}}, {"model": "sessions.session", "pk": "j7u0g8iyneyome7jd51p6sulwmrhgvgs", "fields": {"session_data": ".eJxVjDsOwjAQBe_iGllrJ_hDSZ8zWLvrDQ4gR4qTCnF3iJQC2jcz76USbmtJW5MlTVldlFGn342QH1J3kO9Yb7Pmua7LRHpX9EGbHuYsz-vh_h0UbOVbk2QbHJ2tDwGiQYZMJlqKI_SA4qSPnjNb5L7z1kFHowMkko4jg43q_QHocDgg:1ljo6S:3L0pdu-rtrM3M1Tl512cWSHb-_IZ83t3KSITf8TUyQ4", "expire_date": "2021-06-03T19:13:04.262Z"}}, {"model": "sessions.session", "pk": "lf6zmvh3r43oj4e2kbmmoplrvc6kmsva", "fields": {"session_data": ".eJxVjDsOwjAQBe_iGllrJ_hDSZ8zWLvrDQ4gR4qTCnF3iJQC2jcz76USbmtJW5MlTVldlFGn342QH1J3kO9Yb7Pmua7LRHpX9EGbHuYsz-vh_h0UbOVbk2QbHJ2tDwGiQYZMJlqKI_SA4qSPnjNb5L7z1kFHowMkko4jg43q_QHocDgg:1lkb7z:A3JQeSj8toy1ys4aH9nXng_HJC8RSBqj_G8AaByvUC0", "expire_date": "2021-06-05T23:33:55.036Z"}}, {"model": "sessions.session", "pk": "mtc4pn5fku5wg9641dq3q191hc36jedk", "fields": {"session_data": ".eJxVjDsOwjAQBe_iGllrJ_hDSZ8zWLvrDQ4gR4qTCnF3iJQC2jcz76USbmtJW5MlTVldlFGn342QH1J3kO9Yb7Pmua7LRHpX9EGbHuYsz-vh_h0UbOVbk2QbHJ2tDwGiQYZMJlqKI_SA4qSPnjNb5L7z1kFHowMkko4jg43q_QHocDgg:1ljlma:XmqS0-f3p9pAjTM2_u9ZFWHShUYAN-vvAWnNQclWVJk", "expire_date": "2021-06-03T16:44:24.042Z"}}, {"model": "sessions.session", "pk": "od16d1r6l8urhcszopzyy52dt2iq1f96", "fields": {"session_data": ".eJxVjDsOwjAQBe_iGllrJ_hDSZ8zWLvrDQ4gR4qTCnF3iJQC2jcz76USbmtJW5MlTVldlFGn342QH1J3kO9Yb7Pmua7LRHpX9EGbHuYsz-vh_h0UbOVbk2QbHJ2tDwGiQYZMJlqKI_SA4qSPnjNb5L7z1kFHowMkko4jg43q_QHocDgg:1liIHq:XOyQeAQvrrk4A7nRosRgVU-UEvXlr1N9A54DE0JR4Rg", "expire_date": "2021-05-30T15:02:34.266Z"}}, {"model": "sessions.session", "pk": "s98bxjymdly9sx2jx2jwkgtp0rnxgi4t", "fields": {"session_data": ".eJxVjDsOwyAQBe9CHSEW802Z3mdALCzBSYQlY1dR7h4huUjaNzPvzUI89hqOTltYMruyiV1-N4zpSW2A_IjtvvK0tn1bkA-Fn7Tzec30up3u30GNvY5aFOFs0SAlOUeYLGiljYNCGRGSsVklpZyZUCrlSURhCiRwAjwU9OzzBdtFN3Q:1ljopD:SZnkVSPgGxV-amW--qYW0eMEINzrMhgdY0xTrpi7LCs", "expire_date": "2021-06-03T19:59:19.452Z"}}, {"model": "sessions.session", "pk": "tw36kz1e5ngpci4c3fq6wnuqbopxgepo", "fields": {"session_data": ".eJxVjDsOwjAQBe_iGllrJ_hDSZ8zWLvrDQ4gR4qTCnF3iJQC2jcz76USbmtJW5MlTVldlFGn342QH1J3kO9Yb7Pmua7LRHpX9EGbHuYsz-vh_h0UbOVbk2QbHJ2tDwGiQYZMJlqKI_SA4qSPnjNb5L7z1kFHowMkko4jg43q_QHocDgg:1ljQ7G:zQZFS_W4CsTZPUXcjZymMKSqSGs8ApYm1cGlbUQtRaY", "expire_date": "2021-06-02T17:36:18.653Z"}}, {"model": "contatos.category", "pk": 5, "fields": {"name": "Família"}}, {"model": "contatos.category", "pk": 6, "fields": {"name": "Contato Profissional"}}, {"model": "contatos.category", "pk": 7, "fields": {"name": "Amigos"}}, {"model": "contatos.category", "pk": 8, "fields": {"name": "Conhecido"}}, {"model": "contatos.category", "pk": 9, "fields": {"name": "Prestador de Serviço"}}, {"model": "contatos.category", "pk": 10, "fields": {"name": "Fornecedor"}}, {"model": "contatos.category", "pk": 11, "fields": {"name": "Médico"}}, {"model": "contatos.category", "pk": 12, "fields": {"name": "Advogado"}}, {"model": "contatos.category", "pk": 13, "fields": {"name": "Orgão Publico"}}, {"model": "contatos.contact", "pk": 2, "fields": {"name": "Amilcar", "surname": "Tostes", "telephone": "(31) 99358 6410", "email": "amilcar@quatro.srv.br", "creation_date": "2021-05-14T19:47:33Z", "description": "Eu mesmo uai!", "category": 5, "show": true, "image": "pictures/2021/05/15/boina_2.jpg"}}, {"model": "contatos.contact", "pk": 3, "fields": {"name": "Santiago", "surname": "Vasconcelos Tostes", "telephone": "(31) 98689 0653", "email": "santiagovasconcelos@hotmail.com", "creation_date": "2021-05-14T20:11:28Z", "description": "Meu Filho", "category": 5, "show": true, "image": "pictures/2021/05/15/Santiago.jpg"}}, {"model": "contatos.contact", "pk": 4, "fields": {"name": "Caetano", "surname": "Vasconcelos Tostes", "telephone": "(31) 98412 5309", "email": "", "creation_date": "2021-05-14T20:24:03Z", "description": "Meu Filho", "category": 5, "show": true, "image": "pictures/2021/05/15/Caetano.jpg"}}, {"model": "contatos.contact", "pk": 5, "fields": {"name": "Simone", "surname": "Carvalho Canfora", "telephone": "(31) 99796 1947", "email": "", "creation_date": "2021-05-14T21:00:55Z", "description": "Amiga", "category": 7, "show": true, "image": ""}}, {"model": "contatos.contact", "pk": 6, "fields": {"name": "Ageo", "surname": "Simões", "telephone": "(31) 99171 8779", "email": "", "creation_date": "2021-05-14T21:24:24Z", "description": "Amigo", "category": 7, "show": true, "image": ""}}, {"model": "contatos.contact", "pk": 7, "fields": {"name": "Simone", "surname": "Prinheiro", "telephone": "(31) 99184 7789", "email": "", "creation_date": "2021-05-14T21:26:02Z", "description": "FrediZak", "category": 6, "show": true, "image": ""}}, {"model": "contatos.contact", "pk": 8, "fields": {"name": "Arthur", "surname": "Gabel Tostes", "telephone": "(31) 99654 8413", "email": "", "creation_date": "2021-05-14T21:27:08Z", "description": "Filho", "category": 5, "show": true, "image": "pictures/2021/05/15/Arthur.jpg"}}, {"model": "contatos.contact", "pk": 9, "fields": {"name": "Fabiana", "surname": "Sicoli Tostes", "telephone": "(31) 98664 6004", "email": "fasicoli@hotmail.com", "creation_date": "2021-05-14T21:28:31Z", "description": "Irmã", "category": 5, "show": true, "image": "pictures/2021/05/15/Fabiana.jpg"}}, {"model": "contatos.contact", "pk": 10, "fields": {"name": "Marco", "surname": "Antônio Wardil Junior", "telephone": "(31) 99803 2909", "email": "marco@wimpeximport.com", "creation_date": "2021-05-14T21:29:53Z", "description": "Wimpex - Comercial", "category": 6, "show": true, "image": ""}}, {"model": "contatos.contact", "pk": 11, "fields": {"name": "São Marcos", "surname": "Laboratório", "telephone": "(31) 98116 4110", "email": "", "creation_date": "2021-05-14T21:32:19Z", "description": "Exames Laboratoriais", "category": 9, "show": true, "image": ""}}, {"model": "contatos.contact", "pk": 12, "fields": {"name": "Cristina", "surname": "Sicoli Tostes Videira", "telephone": "(31) 98709 6013", "email": "cristina.sicoli@globo.com", "creation_date": "2021-05-14T21:34:27Z", "description": "Irmã", "category": 5, "show": true, "image": "pictures/2021/05/15/Cristina.jpg"}}, {"model": "contatos.contact", "pk": 13, "fields": {"name": "Isabel Cristina", "surname": "Ligeiro", "telephone": "(31) 98875 8299", "email": "", "creation_date": "2021-05-14T21:35:38Z", "description": "Amiga Antiga", "category": 7, "show": true, "image": ""}}, {"model": "contatos.contact", "pk": 14, "fields": {"name": "Domingos", "surname": "Sicoli Tostes", "telephone": "(31) 98701 3615", "email": "", "creation_date": "2021-05-14T21:36:58Z", "description": "Irmão", "category": 5, "show": true, "image": ""}}, {"model": "contatos.contact", "pk": 15, "fields": {"name": "Adriana", "surname": "Rajão", "telephone": "(31) 99795 5291", "email": "", "creation_date": "2021-05-14T22:29:08Z", "description": "", "category": 7, "show": true, "image": ""}}, {"model": "contatos.contact", "pk": 16, "fields": {"name": "Adriana", "surname": "Mineira", "telephone": "(22) 99928 1070", "email": "", "creation_date": "2021-05-14T22:29:56Z", "description": "", "category": 7, "show": true, "image": ""}}, {"model": "contatos.contact", "pk": 17, "fields": {"name": "Adriana", "surname": "Tostes Reis", "telephone": "(31) 99851 9536", "email": "", "creation_date": "2021-05-14T22:30:47Z", "description": "", "category": 5, "show": true, "image": ""}}, {"model": "contatos.contact", "pk": 18, "fields": {"name": "Agua Gerais", "surname": "", "telephone": "(31) 98473 5250", "email": "", "creation_date": "2021-05-14T22:31:37Z", "description": "Fornecedor de Água Mineral", "category": 10, "show": true, "image": ""}}, {"model": "contatos.contact", "pk": 19, "fields": {"name": "Alan", "surname": "Rosa", "telephone": "(31) 98492 4294", "email": "", "creation_date": "2021-05-14T22:32:37Z", "description": "", "category": 8, "show": true, "image": ""}}, {"model": "contatos.contact", "pk": 20, "fields": {"name": "Alessandro", "surname": "Usiminas", "telephone": "(31) 99937 7713", "email": "", "creation_date": "2021-05-14T22:33:28Z", "description": "Projeto Pontes Rolantes", "category": 6, "show": true, "image": ""}}, {"model": "contatos.contact", "pk": 21, "fields": {"name": "Angela", "surname": "Canfora", "telephone": "(31) 99956 5764", "email": "", "creation_date": "2021-05-14T22:34:21Z", "description": "", "category": 7, "show": true, "image": ""}}, {"model": "contatos.contact", "pk": 22, "fields": {"name": "Beatriz", "surname": "Lessa", "telephone": "(31) 99508 1810", "email": "", "creation_date": "2021-05-14T22:35:39Z", "description": "", "category": 7, "show": true, "image": ""}}, {"model": "contatos.contact", "pk": 23, "fields": {"name": "Camila", "surname": "Cardoso", "telephone": "(31) 98729 2660", "email": "", "creation_date": "2021-05-14T22:36:26Z", "description": "", "category": 7, "show": true, "image": ""}}, {"model": "contatos.contact", "pk": 24, "fields": {"name": "Cassia", "surname": "Magualhães", "telephone": "(31) 99627 0781", "email": "", "creation_date": "2021-05-15T00:40:27Z", "description": "", "category": 7, "show": true, "image": ""}}, {"model": "contatos.contact", "pk": 25, "fields": {"name": "Charles", "surname": "FrediZak", "telephone": "(31) 99440 8980", "email": "", "creation_date": "2021-05-15T00:41:37Z", "description": "", "category": 6, "show": true, "image": ""}}, {"model": "contatos.contact", "pk": 26, "fields": {"name": "Chris", "surname": "Barra", "telephone": "(31) 99611 2229", "email": "", "creation_date": "2021-05-15T00:42:16Z", "description": "", "category": 7, "show": true, "image": ""}}, {"model": "contatos.contact", "pk": 27, "fields": {"name": "Cyntia", "surname": "Giusti", "telephone": "(31) 99401 9920", "email": "", "creation_date": "2021-05-15T00:43:06Z", "description": "", "category": 8, "show": true, "image": ""}}, {"model": "contatos.contact", "pk": 28, "fields": {"name": "Danilo", "surname": "Sicoli Tostes", "telephone": "(022) 98806 6805", "email": "", "creation_date": "2021-05-15T00:44:07Z", "description": "", "category": 5, "show": true, "image": "pictures/2021/05/15/Danilinho.jpg"}}, {"model": "contatos.contact", "pk": 29, "fields": {"name": "Deco", "surname": "Lima", "telephone": "(31) 99589 1819", "email": "", "creation_date": "2021-05-15T00:44:59Z", "description": "", "category": 7, "show": true, "image": ""}}, {"model": "contatos.contact", "pk": 30, "fields": {"name": "Guilherme", "surname": "Campos Muzzi", "telephone": "(31) 99981 5047", "email": "", "creation_date": "2021-05-15T00:46:22Z", "description": "", "category": 11, "show": true, "image": ""}}, {"model": "contatos.contact", "pk": 31, "fields": {"name": "Nilson", "surname": "", "telephone": "(31) 98619 5406", "email": "", "creation_date": "2021-05-15T00:47:29Z", "description": "", "category": 12, "show": true, "image": ""}}, {"model": "contatos.contact", "pk": 32, "fields": {"name": "Rodrigo", "surname": "Nankran", "telephone": "(31) 99229 5458", "email": "", "creation_date": "2021-05-15T00:48:32Z", "description": "", "category": 11, "show": true, "image": ""}}, {"model": "contatos.contact", "pk": 33, "fields": {"name": "Adriana", "surname": "Souza Carneiro", "telephone": "(31) 99293 0318", "email": "", "creation_date": "2021-05-15T00:53:46Z", "description": "", "category": 11, "show": true, "image": ""}}, {"model": "contatos.contact", "pk": 34, "fields": {"name": "Fábio", "surname": "Muniz", "telephone": "(31) 99921 6252", "email": "fabio@wimpeximport.com", "creation_date": "2021-05-15T00:55:35Z", "description": "", "category": 6, "show": true, "image": ""}}, {"model": "contatos.contact", "pk": 35, "fields": {"name": "Fernando", "surname": "Pacheco", "telephone": "(31) 99727 7736", "email": "", "creation_date": "2021-05-15T00:56:45Z", "description": "", "category": 7, "show": true, "image": ""}}, {"model": "contatos.contact", "pk": 36, "fields": {"name": "Fernando", "surname": "Roquet Reis Filho", "telephone": "(31) 99985 0710", "email": "", "creation_date": "2021-05-15T00:57:48Z", "description": "", "category": 5, "show": true, "image": ""}}, {"model": "contatos.contact", "pk": 37, "fields": {"name": "Dermerval Fernando", "surname": "dos Santos", "telephone": "(31) 99286 5919", "email": "", "creation_date": "2021-05-15T00:58:37Z", "description": "", "category": 7, "show": true, "image": ""}}, {"model": "contatos.contact", "pk": 38, "fields": {"name": "Fernando", "surname": "Simplicio", "telephone": "(31) 99754 1184", "email": "", "creation_date": "2021-05-15T00:59:12Z", "description": "", "category": 7, "show": true, "image": ""}}, {"model": "contatos.contact", "pk": 39, "fields": {"name": "Flávia", "surname": "Serpa Brito", "telephone": "(31) 98706 9868", "email": "", "creation_date": "2021-05-15T01:00:15Z", "description": "", "category": 8, "show": true, "image": ""}}, {"model": "contatos.contact", "pk": 40, "fields": {"name": "Gustavo", "surname": "Stangherlin", "telephone": "(31) 98788 4436", "email": "", "creation_date": "2021-05-15T01:01:17Z", "description": "", "category": 5, "show": true, "image": "pictures/2021/05/15/Gustavo.jpg"}}, {"model": "contatos.contact", "pk": 41, "fields": {"name": "Hugo", "surname": "Campos", "telephone": "(11) 96636 1324", "email": "", "creation_date": "2021-05-15T01:02:47Z", "description": "", "category": 6, "show": true, "image": ""}}, {"model": "contatos.contact", "pk": 42, "fields": {"name": "INSS", "surname": "Agência Oeste", "telephone": "(31) 3249 4278", "email": "", "creation_date": "2021-05-15T01:04:16Z", "description": "", "category": 13, "show": true, "image": ""}}, {"model": "contatos.contact", "pk": 43, "fields": {"name": "Irandir", "surname": "de Paula", "telephone": "(31) 98236 6010", "email": "", "creation_date": "2021-05-15T01:05:18Z", "description": "", "category": 8, "show": true, "image": ""}}, {"model": "contatos.contact", "pk": 44, "fields": {"name": "João Carlos", "surname": "BHA TI", "telephone": "(31) 98449 8171", "email": "", "creation_date": "2021-05-15T01:06:36Z", "description": "", "category": 9, "show": true, "image": ""}}, {"model": "contatos.contact", "pk": 45, "fields": {"name": "Juliana", "surname": "FrediZak", "telephone": "(31) 98428 4260", "email": "", "creation_date": "2021-05-15T01:07:30Z", "description": "", "category": 6, "show": true, "image": ""}}, {"model": "contatos.contact", "pk": 46, "fields": {"name": "Juliana", "surname": "Palhares", "telephone": "(31) 99919 6627", "email": "", "creation_date": "2021-05-15T01:08:14Z", "description": "", "category": 7, "show": true, "image": ""}}, {"model": "contatos.contact", "pk": 47, "fields": {"name": "Juliano", "surname": "Amaral", "telephone": "(31) 99742 2417", "email": "", "creation_date": "2021-05-15T01:08:59Z", "description": "Primetals", "category": 6, "show": true, "image": ""}}, {"model": "contatos.contact", "pk": 48, "fields": {"name": "Lídia Helena", "surname": "Monteiro", "telephone": "(31) 99321 7820", "email": "", "creation_date": "2021-05-15T01:09:55Z", "description": "", "category": 7, "show": true, "image": ""}}, {"model": "contatos.contact", "pk": 49, "fields": {"name": "Marcelo", "surname": "Mucelli Spolaor", "telephone": "(31) 98717 1922", "email": "", "creation_date": "2021-05-15T01:10:44Z", "description": "", "category": 7, "show": true, "image": ""}}, {"model": "contatos.contact", "pk": 50, "fields": {"name": "Naissa", "surname": "de Carvalho Rajão", "telephone": "(31) 99835 7656", "email": "", "creation_date": "2021-05-15T01:11:30Z", "description": "", "category": 7, "show": true, "image": ""}}, {"model": "contatos.contact", "pk": 51, "fields": {"name": "Paulo Vitor", "surname": "Saturnino", "telephone": "(24) 99966 2383", "email": "", "creation_date": "2021-05-15T01:12:25Z", "description": "", "category": 6, "show": true, "image": ""}}, {"model": "contatos.contact", "pk": 52, "fields": {"name": "Rebecca", "surname": "Miranda", "telephone": "(31) 98814 4080", "email": "", "creation_date": "2021-05-15T18:52:31Z", "description": "", "category": 5, "show": true, "image": "pictures/2021/05/15/Rebecca.jpg"}}, {"model": "contatos.contact", "pk": 53, "fields": {"name": "Roberta", "surname": "Vasconcelos", "telephone": "(31) 98797 8231", "email": "", "creation_date": "2021-05-15T18:53:23Z", "description": "", "category": 5, "show": true, "image": "pictures/2021/05/15/Roberta.jpg"}}, {"model": "contatos.contact", "pk": 54, "fields": {"name": "Cora", "surname": "Lima", "telephone": "(31) 99428 3032", "email": "", "creation_date": "2021-05-16T03:00:00Z", "description": "", "category": 7, "show": true, "image": ""}}, {"model": "contatos.contact", "pk": 58, "fields": {"name": "Cris", "surname": "Foxcat", "telephone": "(31) 98557 4033", "email": "", "creation_date": "2021-05-16T14:32:00Z", "description": "", "category": 7, "show": true, "image": ""}}, {"model": "contatos.contact", "pk": 59, "fields": {"name": "Claúdio", "surname": "Campanha", "telephone": "(31) 99169 - 8008", "email": "", "creation_date": "2021-05-16T14:32:00Z", "description": "", "category": 11, "show": true, "image": ""}}, {"model": "contatos.contact", "pk": 60, "fields": {"name": "Santiaggo", "surname": "Tostes", "telephone": "31 986890653", "email": "santiagovasconcelos@hotmail.com", "creation_date": "1992-02-17T03:00:00Z", "description": "OLA", "category": 5, "show": true, "image": "pictures/2021/05/20/DSC01030.JPG"}}, {"model": "contatos.contact", "pk": 61, "fields": {"name": "Flores", "surname": "Loja Eletrica", "telephone": "(31) 3218 8505", "email": "flores@lojaeletrica.com.br", "creation_date": "2021-05-21T15:00:00Z", "description": "Fornecedor de Material Elétrico", "category": 10, "show": true, "image": "pictures/2021/05/21/Almeida-02.png"}}, {"model": "contatos.contact", "pk": 62, "fields": {"name": "Anderson", "surname": "Almeida", "telephone": "(11) 99632 5830", "email": "anderson.almeida@pelco.com", "creation_date": "2021-05-21T15:00:00Z", "description": "Representante da Pelco", "category": 6, "show": true, "image": "pictures/2021/05/21/Almeida-02_CySrAZm.png"}}]